[
    {
        "Tarih ve Saat": "2025-02-06 08:10",
        "Gezegen Y\u00f6neticisi": "J\u00fcpiter"
    },
    {
        "Tarih ve Saat": "2025-02-06 09:02",
        "Gezegen Y\u00f6neticisi": "Mars"
    },
    {
        "Tarih ve Saat": "2025-02-06 09:55",
        "Gezegen Y\u00f6neticisi": "G\u00fcne\u015f"
    },
    {
        "Tarih ve Saat": "2025-02-06 10:47",
        "Gezegen Y\u00f6neticisi": "Ven\u00fcs"
    },
    {
        "Tarih ve Saat": "2025-02-06 11:40",
        "Gezegen Y\u00f6neticisi": "Merk\u00fcr"
    },
    {
        "Tarih ve Saat": "2025-02-06 12:32",
        "Gezegen Y\u00f6neticisi": "Ay"
    },
    {
        "Tarih ve Saat": "2025-02-06 13:25",
        "Gezegen Y\u00f6neticisi": "Sat\u00fcrn"
    },
    {
        "Tarih ve Saat": "2025-02-06 14:18",
        "Gezegen Y\u00f6neticisi": "J\u00fcpiter"
    },
    {
        "Tarih ve Saat": "2025-02-06 15:10",
        "Gezegen Y\u00f6neticisi": "Mars"
    },
    {
        "Tarih ve Saat": "2025-02-06 16:03",
        "Gezegen Y\u00f6neticisi": "G\u00fcne\u015f"
    },
    {
        "Tarih ve Saat": "2025-02-06 16:55",
        "Gezegen Y\u00f6neticisi": "Ven\u00fcs"
    },
    {
        "Tarih ve Saat": "2025-02-06 17:48",
        "Gezegen Y\u00f6neticisi": "Merk\u00fcr"
    },
    {
        "Tarih ve Saat": "2025-02-06 18:41",
        "Gezegen Y\u00f6neticisi": "Ay"
    },
    {
        "Tarih ve Saat": "2025-02-06 19:48",
        "Gezegen Y\u00f6neticisi": "Sat\u00fcrn"
    },
    {
        "Tarih ve Saat": "2025-02-06 20:55",
        "Gezegen Y\u00f6neticisi": "J\u00fcpiter"
    },
    {
        "Tarih ve Saat": "2025-02-06 22:03",
        "Gezegen Y\u00f6neticisi": "Mars"
    },
    {
        "Tarih ve Saat": "2025-02-06 23:10",
        "Gezegen Y\u00f6neticisi": "G\u00fcne\u015f"
    },
    {
        "Tarih ve Saat": "2025-02-07 00:18",
        "Gezegen Y\u00f6neticisi": "Ven\u00fcs"
    },
    {
        "Tarih ve Saat": "2025-02-07 01:25",
        "Gezegen Y\u00f6neticisi": "Merk\u00fcr"
    },
    {
        "Tarih ve Saat": "2025-02-07 02:32",
        "Gezegen Y\u00f6neticisi": "Ay"
    },
    {
        "Tarih ve Saat": "2025-02-07 03:40",
        "Gezegen Y\u00f6neticisi": "Sat\u00fcrn"
    },
    {
        "Tarih ve Saat": "2025-02-07 04:47",
        "Gezegen Y\u00f6neticisi": "J\u00fcpiter"
    },
    {
        "Tarih ve Saat": "2025-02-07 05:55",
        "Gezegen Y\u00f6neticisi": "Mars"
    },
    {
        "Tarih ve Saat": "2025-02-07 07:02",
        "Gezegen Y\u00f6neticisi": "G\u00fcne\u015f"
    }
]